SettlementPoint,Year,HourlyVolatility
HB_PAN,2019,0.631579035033619
HB_SOUTH,2016,0.20903319046761398
HB_WEST,2017,0.24761455968272875
HB_WEST,2018,0.3025043074447881
